first_name,last_name,email,username,site
Shayne,Haysham,shaysham0@dropbox.com,shaysham0,1
Grayce,Belcham,gbelcham1@alexa.com,gbelcham1,2
Padget,Hiskey,phiskey2@zimbio.com,phiskey2,2
Dar,McIlvaney,dmcilvaney3@indiatimes.com,dmcilvaney3,3
Taber,Celez,tcelez4@oaic.gov.au,tcelez4,1
Selestina,Poker,spoker5@nationalgeographic.com,spoker5,2
Marijo,Hartshorne,mhartshorne6@oracle.com,mhartshorne6,1
Adora,Genge,agenge7@merriam-webster.com,agenge7,2
Allix,Haddick,ahaddick8@ftc.gov,ahaddick8,3
Prent,Lotherington,plotherington9@paypal.com,plotherington9,1
Herold,Yurshev,hyursheva@wired.com,hyursheva,3
Thorn,MacGuiness,tmacguinessb@wiley.com,tmacguinessb,1
Merlina,Fendlow,mfendlowc@umich.edu,mfendlowc,3
Gustaf,Gontier,ggontierd@hexun.com,ggontierd,1
Levey,Rennles,lrennlese@163.com,lrennlese,2
Erastus,Rennles,erennlesf@1und1.de,erennlesf,3
Reinald,Wolfart,rwolfartg@unc.edu,rwolfartg,2
Emmi,Hambrook,ehambrookh@prlog.org,ehambrookh,1
Adelbert,Hardan,ahardani@youku.com,ahardani,2
Julee,Ilem,jilemj@instagram.com,jilemj,3
Josselyn,Wallwork,jwallworkk@umn.edu,jwallworkk,3
Elmer,Sparling,esparlingl@ox.ac.uk,esparlingl,1
Samara,Mattiessen,smattiessenm@tmall.com,smattiessenm,2
Annecorinne,Wimmer,awimmern@cnet.com,awimmern,3
Wayland,Wimsett,wwimsetto@msn.com,wwimsetto,1
Francene,Traice,ftraicep@japanpost.jp,ftraicep,2
Currie,Milton-White,cmiltonwhiteq@chronoengine.com,cmiltonwhiteq,1
Annis,Kyteley,akyteleyr@cargocollective.com,akyteleyr,1
Angelica,Crucitti,acrucittis@senate.gov,acrucittis,2
Kilian,Janecki,kjaneckit@sakura.ne.jp,kjaneckit,1
Gayler,Treleven,gtrelevenu@creativecommons.org,gtrelevenu,1
Kilian,Abarough,kabaroughv@homestead.com,kabaroughv,3
Lorne,Cumbes,lcumbesw@live.com,lcumbesw,2
Giles,Gatman,ggatmanx@salon.com,ggatmanx,1
Alleyn,McAnalley,amcanalleyy@furl.net,amcanalleyy,1
Elnar,Roy,eroyz@posterous.com,eroyz,3
Thor,Liley,tliley10@businesswire.com,tliley10,3
Mendie,Tilley,mtilley11@t.co,mtilley11,3
Farleigh,Olliver,folliver12@hugedomains.com,folliver12,3
Bryant,Biever,bbiever13@comsenz.com,bbiever13,2
Malinda,Levick,mlevick14@google.fr,mlevick14,3
Chere,Pruce,cpruce15@gmpg.org,cpruce15,2
Conchita,Siddle,csiddle16@umich.edu,csiddle16,3
Melonie,Brumham,mbrumham17@va.gov,mbrumham17,2
Nicky,Ploughwright,nploughwright18@sohu.com,nploughwright18,1
Dannie,Dalli,ddalli19@amazon.com,ddalli19,3
Jefferey,Escott,jescott1a@simplemachines.org,jescott1a,1
Cordula,Orsman,corsman1b@over-blog.com,corsman1b,3
Krystyna,L' Anglois,klanglois1c@chronoengine.com,klanglois1c,2
Maybelle,Bertelmot,mbertelmot1d@unicef.org,mbertelmot1d,3
Krissie,Gilliver,kgilliver1e@weebly.com,kgilliver1e,3
Dani,Larose,dlarose1f@soup.io,dlarose1f,3
Yalonda,Bownass,ybownass1g@ibm.com,ybownass1g,2
Vergil,Mourge,vmourge1h@nationalgeographic.com,vmourge1h,3
Biron,Gisbey,bgisbey1i@booking.com,bgisbey1i,3
Caspar,Tuison,ctuison1j@barnesandnoble.com,ctuison1j,1
Tomi,Aleksic,taleksic1k@barnesandnoble.com,taleksic1k,2
Tallia,Mattosoff,tmattosoff1l@edublogs.org,tmattosoff1l,1
Leigha,Stace,lstace1m@comcast.net,lstace1m,1
Jay,Orring,jorring1n@ucla.edu,jorring1n,1
Marlo,Charnock,mcharnock1o@intel.com,mcharnock1o,1
Vivyanne,Corradengo,vcorradengo1p@wp.com,vcorradengo1p,3
Brand,Jessop,bjessop1q@adobe.com,bjessop1q,1
Hendrika,Sangar,hsangar1r@europa.eu,hsangar1r,1
Bent,Renn,brenn1s@devhub.com,brenn1s,1
Francois,Callcott,fcallcott1t@chron.com,fcallcott1t,1
Bernadene,Klouz,bklouz1u@ameblo.jp,bklouz1u,1
Kaleb,Oliphand,koliphand1v@tinypic.com,koliphand1v,3
Niels,Durkin,ndurkin1w@reverbnation.com,ndurkin1w,3
Selie,Ratlee,sratlee1x@webs.com,sratlee1x,2
Aurora,Vampouille,avampouille1y@twitpic.com,avampouille1y,2
Laurence,Urridge,lurridge1z@cnbc.com,lurridge1z,2
Bat,Cousin,bcousin20@baidu.com,bcousin20,1
Court,Padillo,cpadillo21@fda.gov,cpadillo21,3
Silvain,Lamblin,slamblin22@state.tx.us,slamblin22,1
Dom,Cawsey,dcawsey23@dropbox.com,dcawsey23,1
Bobbye,De Ferraris,bdeferraris24@arizona.edu,bdeferraris24,1
Tye,Sanson,tsanson25@salon.com,tsanson25,1
Crosby,Goodey,cgoodey26@google.co.uk,cgoodey26,3
Holden,Osgar,hosgar27@slideshare.net,hosgar27,1
Creight,Colvin,ccolvin28@hhs.gov,ccolvin28,1
Babbette,Middas,bmiddas29@skyrock.com,bmiddas29,1
Arleyne,Domelow,adomelow2a@t.co,adomelow2a,1
Cherye,Thacker,cthacker2b@cargocollective.com,cthacker2b,3
Othella,Jarrel,ojarrel2c@businessweek.com,ojarrel2c,3
Vanny,Trillow,vtrillow2d@sina.com.cn,vtrillow2d,3
Henderson,Duesbury,hduesbury2e@is.gd,hduesbury2e,3
Raphaela,Tomaskunas,rtomaskunas2f@unblog.fr,rtomaskunas2f,2
Abram,Thonger,athonger2g@japanpost.jp,athonger2g,1
Padgett,Garfit,pgarfit2h@bloglovin.com,pgarfit2h,2
Ethelyn,Sidary,esidary2i@lycos.com,esidary2i,3
Magdalen,Gibbeson,mgibbeson2j@ifeng.com,mgibbeson2j,2
Nataniel,MacAulay,nmacaulay2k@plala.or.jp,nmacaulay2k,1
Amandy,Summerfield,asummerfield2l@senate.gov,asummerfield2l,2
Jesus,Gehringer,jgehringer2m@stumbleupon.com,jgehringer2m,2
Ermentrude,Exley,eexley2n@diigo.com,eexley2n,2
Cosmo,Chetham,cchetham2o@nba.com,cchetham2o,2
Nari,Dibson,ndibson2p@google.nl,ndibson2p,3
Wanda,Hinkens,whinkens2q@bloomberg.com,whinkens2q,1
Correy,Balser,cbalser2r@printfriendly.com,cbalser2r,2
Rhianna,McAvinchey,rmcavinchey2s@nhs.uk,rmcavinchey2s,2
Karisa,Faircliff,kfaircliff2t@sina.com.cn,kfaircliff2t,2
Hillary,Bothie,hbothie2u@clickbank.net,hbothie2u,2
Mose,Krug,mkrug2v@patch.com,mkrug2v,3
Garrot,Dumpleton,gdumpleton2w@symantec.com,gdumpleton2w,1
Holli,Jindrak,hjindrak2x@nbcnews.com,hjindrak2x,1
Felicia,Jean,fjean2y@paypal.com,fjean2y,1
Cecilius,Castro,ccastro2z@businessinsider.com,ccastro2z,3
Nani,Loines,nloines30@wix.com,nloines30,1
Constancy,Bunning,cbunning31@istockphoto.com,cbunning31,1
Georgeta,Rock,grock32@dot.gov,grock32,3
Antonio,Bearman,abearman33@hexun.com,abearman33,1
Francisca,Provest,fprovest34@omniture.com,fprovest34,2
Leigh,Grigoriscu,lgrigoriscu35@addthis.com,lgrigoriscu35,1
Ham,Kemmis,hkemmis36@senate.gov,hkemmis36,2
Rabbi,Hannah,rhannah37@forbes.com,rhannah37,2
Davida,Pitkin,dpitkin38@shutterfly.com,dpitkin38,3
Winifred,Satterley,wsatterley39@de.vu,wsatterley39,1
Mirella,Varian,mvarian3a@who.int,mvarian3a,1
Lenora,Critchley,lcritchley3b@google.com,lcritchley3b,3
Ernestus,Mattke,emattke3c@kickstarter.com,emattke3c,2
Maxy,Olivo,molivo3d@blogtalkradio.com,molivo3d,2
Celestia,Cundy,ccundy3e@chicagotribune.com,ccundy3e,1
Hebert,Shutte,hshutte3f@senate.gov,hshutte3f,1
Drusie,Sweetlove,dsweetlove3g@europa.eu,dsweetlove3g,2
Cosimo,Adshede,cadshede3h@unicef.org,cadshede3h,2
Romeo,McCreary,rmccreary3i@mail.ru,rmccreary3i,2
Ron,Aveyard,raveyard3j@chron.com,raveyard3j,3
Candra,Wickens,cwickens3k@cafepress.com,cwickens3k,3
Arda,Gentry,agentry3l@barnesandnoble.com,agentry3l,2
Danella,Bulcock,dbulcock3m@skype.com,dbulcock3m,2
Manolo,Rennles,mrennles3n@patch.com,mrennles3n,2
Ingeberg,Orcott,iorcott3o@yellowpages.com,iorcott3o,2
Livvyy,Reader,lreader3p@unc.edu,lreader3p,2
Nada,Ashfold,nashfold3q@wufoo.com,nashfold3q,2
Quentin,Beane,qbeane3r@goo.gl,qbeane3r,2
Regan,Iddens,riddens3s@shutterfly.com,riddens3s,2
Ivory,Plomer,iplomer3t@stanford.edu,iplomer3t,3
Mora,O'Calleran,mocalleran3u@ning.com,mocalleran3u,1
Tamas,Schleswig-Holstein,tschleswigholstein3v@delicious.com,tschleswigholstein3v,2
Brianna,Burmaster,bburmaster3w@smh.com.au,bburmaster3w,3
Clementius,Melia,cmelia3x@geocities.com,cmelia3x,1
Silvan,Steade,ssteade3y@nydailynews.com,ssteade3y,2
Ag,Jameson,ajameson3z@house.gov,ajameson3z,3
Lottie,Fraser,lfraser40@fda.gov,lfraser40,1
Jana,Oulner,joulner41@shareasale.com,joulner41,1
Elysee,Cristobal,ecristobal42@scientificamerican.com,ecristobal42,1
Marieann,Gimert,mgimert43@163.com,mgimert43,3
Ermanno,Curran,ecurran44@google.fr,ecurran44,1
Verine,Kneal,vkneal45@washingtonpost.com,vkneal45,1
Wilbert,Scading,wscading46@tinypic.com,wscading46,2
Stillmann,Goracci,sgoracci47@scientificamerican.com,sgoracci47,1
Raynard,Durtnell,rdurtnell48@weather.com,rdurtnell48,1
Gael,Henzley,ghenzley49@exblog.jp,ghenzley49,3
Filmore,Luce,fluce4a@redcross.org,fluce4a,3
Luigi,Reditt,lreditt4b@oakley.com,lreditt4b,2
Mela,Belhomme,mbelhomme4c@upenn.edu,mbelhomme4c,1
Ellynn,Lints,elints4d@drupal.org,elints4d,3
Sean,Heinzel,sheinzel4e@csmonitor.com,sheinzel4e,1
Jobye,Linger,jlinger4f@noaa.gov,jlinger4f,2
Orlando,Chittenden,ochittenden4g@yandex.ru,ochittenden4g,2
Sinclare,Mounce,smounce4h@msn.com,smounce4h,2
Ryun,Patterson,rpatterson4i@simplemachines.org,rpatterson4i,3
Georgianne,Matthews,gmatthews4j@walmart.com,gmatthews4j,3
Jessie,Klageman,jklageman4k@shinystat.com,jklageman4k,2
Laraine,Jellico,ljellico4l@usatoday.com,ljellico4l,1
Haze,Poskitt,hposkitt4m@reference.com,hposkitt4m,1
Minor,Kellough,mkellough4n@telegraph.co.uk,mkellough4n,3
Patin,Leeves,pleeves4o@businesswire.com,pleeves4o,1
Briney,De Domenicis,bdedomenicis4p@infoseek.co.jp,bdedomenicis4p,3
Hyman,Stonhouse,hstonhouse4q@ameblo.jp,hstonhouse4q,2
Milt,Ricketts,mricketts4r@marketwatch.com,mricketts4r,2
Perry,Caulket,pcaulket4s@tamu.edu,pcaulket4s,1
Stearne,Camacho,scamacho4t@wsj.com,scamacho4t,1
Osbert,Pardie,opardie4u@nymag.com,opardie4u,1
Rosetta,Scrooby,rscrooby4v@redcross.org,rscrooby4v,3
Nicolai,Wanderschek,nwanderschek4w@wufoo.com,nwanderschek4w,1
Chilton,Branch,cbranch4x@sourceforge.net,cbranch4x,1
Ibrahim,Barg,ibarg4y@fda.gov,ibarg4y,2
Harmonie,Westrope,hwestrope4z@archive.org,hwestrope4z,1
Tamara,Girardetti,tgirardetti50@auda.org.au,tgirardetti50,1
Hilton,Ozintsev,hozintsev51@boston.com,hozintsev51,1
Rand,Macias,rmacias52@mlb.com,rmacias52,2
Amos,Doulden,adoulden53@webnode.com,adoulden53,3
Gian,Kerwood,gkerwood54@latimes.com,gkerwood54,1
Brennen,Halleday,bhalleday55@msu.edu,bhalleday55,2
Mikey,Gaishson,mgaishson56@nih.gov,mgaishson56,1
Othelia,Pavier,opavier57@constantcontact.com,opavier57,2
Bealle,Ivannikov,bivannikov58@usa.gov,bivannikov58,1
Jermaine,Southers,jsouthers59@deliciousdays.com,jsouthers59,2
Virgie,Stoddard,vstoddard5a@bbc.co.uk,vstoddard5a,1
Orv,Bolstridge,obolstridge5b@chronoengine.com,obolstridge5b,1
Verene,Pleasaunce,vpleasaunce5c@spotify.com,vpleasaunce5c,2
Jerrilee,McGready,jmcgready5d@ucla.edu,jmcgready5d,1
Evyn,Cranefield,ecranefield5e@dmoz.org,ecranefield5e,3
Quillan,Salerno,qsalerno5f@netscape.com,qsalerno5f,2
Falito,Trytsman,ftrytsman5g@bravesites.com,ftrytsman5g,2
Arden,Pankethman,apankethman5h@webmd.com,apankethman5h,1
Stavro,Manvelle,smanvelle5i@ibm.com,smanvelle5i,2
Rhody,Heys,rheys5j@tamu.edu,rheys5j,3
Jilleen,Battram,jbattram5k@ask.com,jbattram5k,3
Findley,Lindblom,flindblom5l@tinypic.com,flindblom5l,1
Mara,McKenney,mmckenney5m@nifty.com,mmckenney5m,1
Issy,Bushel,ibushel5n@goodreads.com,ibushel5n,3
Sam,Spir,sspir5o@who.int,sspir5o,2
Renate,Glasheen,rglasheen5p@phoca.cz,rglasheen5p,2
Humbert,Tordiffe,htordiffe5q@ehow.com,htordiffe5q,2
Adelle,Jahns,ajahns5r@wiley.com,ajahns5r,2
Latrina,Sandlin,lsandlin5s@privacy.gov.au,lsandlin5s,1
Marge,Novotna,mnovotna5t@gizmodo.com,mnovotna5t,3
Riordan,Chretien,rchretien5u@usda.gov,rchretien5u,3
Tammy,Whopples,twhopples5v@networksolutions.com,twhopples5v,1
Maxie,Dubber,mdubber5w@123-reg.co.uk,mdubber5w,3
Tallou,Caddock,tcaddock5x@cargocollective.com,tcaddock5x,2
Fiann,de Glanville,fdeglanville5y@mtv.com,fdeglanville5y,2
Goddart,Stanett,gstanett5z@nydailynews.com,gstanett5z,3
Les,Colhoun,lcolhoun60@hubpages.com,lcolhoun60,2
Cristionna,Jimson,cjimson61@goo.ne.jp,cjimson61,3
Loy,Waud,lwaud62@w3.org,lwaud62,2
Zara,Swyndley,zswyndley63@sfgate.com,zswyndley63,2
Evangelina,Hanlon,ehanlon64@wordpress.org,ehanlon64,2
Odelinda,Traves,otraves65@weibo.com,otraves65,1
Klaus,Endley,kendley66@is.gd,kendley66,1
Niall,Poulson,npoulson67@virginia.edu,npoulson67,3
Debbie,Pringell,dpringell68@cornell.edu,dpringell68,3
Lyon,Bonny,lbonny69@biglobe.ne.jp,lbonny69,2
Emeline,Folbigg,efolbigg6a@buzzfeed.com,efolbigg6a,1
Michele,Funnell,mfunnell6b@pinterest.com,mfunnell6b,1
Dehlia,Hadigate,dhadigate6c@earthlink.net,dhadigate6c,2
Kaye,Matley,kmatley6d@sun.com,kmatley6d,3
Corie,Hemphill,chemphill6e@usatoday.com,chemphill6e,3
Gill,Frail,gfrail6f@infoseek.co.jp,gfrail6f,1
Lorelle,Vedenyapin,lvedenyapin6g@paginegialle.it,lvedenyapin6g,1
Eugen,Dugmore,edugmore6h@unesco.org,edugmore6h,1
Valeda,Beswell,vbeswell6i@yahoo.co.jp,vbeswell6i,1
Tymothy,MacCallum,tmaccallum6j@tmall.com,tmaccallum6j,1
Michael,Kochl,mkochl6k@army.mil,mkochl6k,1
Ilise,Lumpkin,ilumpkin6l@eventbrite.com,ilumpkin6l,1
Morganne,Le Blanc,mleblanc6m@telegraph.co.uk,mleblanc6m,1
Alberta,Ellicombe,aellicombe6n@google.co.jp,aellicombe6n,3
Gaspar,Cranney,gcranney6o@mac.com,gcranney6o,1
Luella,Crebott,lcrebott6p@parallels.com,lcrebott6p,2
Margy,Wadsworth,mwadsworth6q@nifty.com,mwadsworth6q,1
Sidnee,Nussey,snussey6r@eepurl.com,snussey6r,1
Burty,Clementson,bclementson6s@microsoft.com,bclementson6s,3
Darell,Izzatt,dizzatt6t@arstechnica.com,dizzatt6t,1
Daryl,Agar,dagar6u@yale.edu,dagar6u,3
Bernadine,MacMillan,bmacmillan6v@elpais.com,bmacmillan6v,2
Stanwood,McAulay,smcaulay6w@epa.gov,smcaulay6w,1
Bambi,Gaiford,bgaiford6x@hhs.gov,bgaiford6x,3
Haily,Cardow,hcardow6y@blog.com,hcardow6y,2
Chris,Arcase,carcase6z@sfgate.com,carcase6z,1
Jereme,Jemmison,jjemmison70@google.es,jjemmison70,2
Zondra,Redmore,zredmore71@ibm.com,zredmore71,3
Mallory,Ramm,mramm72@ucsd.edu,mramm72,2
Cad,Bloan,cbloan73@blogspot.com,cbloan73,3
Cleon,Danton,cdanton74@upenn.edu,cdanton74,1
Evin,Rutherfoord,erutherfoord75@springer.com,erutherfoord75,2
Debora,Coules,dcoules76@unblog.fr,dcoules76,2
Corrie,Haney`,chaney77@technorati.com,chaney77,1
Amata,Ancliffe,aancliffe78@sciencedirect.com,aancliffe78,1
Daphene,Carlino,dcarlino79@facebook.com,dcarlino79,3
Hendrik,Bonifas,hbonifas7a@livejournal.com,hbonifas7a,3
Chick,Labba,clabba7b@bloglines.com,clabba7b,3
Etta,Daveley,edaveley7c@dmoz.org,edaveley7c,1
Gaile,Dunderdale,gdunderdale7d@engadget.com,gdunderdale7d,1
Annadiane,Penhalurick,apenhalurick7e@eepurl.com,apenhalurick7e,1
Clement,Halls,challs7f@joomla.org,challs7f,2
Laurent,Spavins,lspavins7g@t-online.de,lspavins7g,2
Jessy,Birchett,jbirchett7h@blog.com,jbirchett7h,2
Kellen,Girk,kgirk7i@loc.gov,kgirk7i,1
Reinaldos,Longdon,rlongdon7j@ebay.co.uk,rlongdon7j,1
Xaviera,Iaduccelli,xiaduccelli7k@domainmarket.com,xiaduccelli7k,3
Wendell,Stroulger,wstroulger7l@examiner.com,wstroulger7l,2
Lorri,MacIntosh,lmacintosh7m@meetup.com,lmacintosh7m,3
Chlo,Osgarby,cosgarby7n@flickr.com,cosgarby7n,1
Cordelie,Date,cdate7o@mozilla.com,cdate7o,1
Madelon,Braunfeld,mbraunfeld7p@ezinearticles.com,mbraunfeld7p,2
Halli,Pane,hpane7q@google.co.uk,hpane7q,3
Marjory,Woolnough,mwoolnough7r@posterous.com,mwoolnough7r,2
Carlyn,Peirson,cpeirson7s@jalbum.net,cpeirson7s,2
Berti,Carnson,bcarnson7t@un.org,bcarnson7t,2
Zsa zsa,Kelland,zkelland7u@nature.com,zkelland7u,1
Talbot,Devinn,tdevinn7v@google.cn,tdevinn7v,3
Evangelina,Tabor,etabor7w@hubpages.com,etabor7w,2
Tony,Marsh,tmarsh7x@dedecms.com,tmarsh7x,3
Johnathan,Kures,jkures7y@weibo.com,jkures7y,3
Nina,Paolozzi,npaolozzi7z@ibm.com,npaolozzi7z,3
Charlton,Parsand,cparsand80@nhs.uk,cparsand80,2
Saundra,Starkings,sstarkings81@google.nl,sstarkings81,2
Helaine,Laba,hlaba82@cpanel.net,hlaba82,3
Ceciley,Clutram,cclutram83@cdc.gov,cclutram83,1
Royall,Skpsey,rskpsey84@purevolume.com,rskpsey84,3
Willie,Jaquet,wjaquet85@parallels.com,wjaquet85,3
Sylvester,McVane,smcvane86@narod.ru,smcvane86,1
Raphaela,Denington,rdenington87@zimbio.com,rdenington87,2
Sergei,Gaize,sgaize88@google.cn,sgaize88,3
Isabel,Twallin,itwallin89@examiner.com,itwallin89,2
Ruby,Deeman,rdeeman8a@creativecommons.org,rdeeman8a,1
Rubin,Mowbray,rmowbray8b@nationalgeographic.com,rmowbray8b,1
Arnold,Trahearn,atrahearn8c@japanpost.jp,atrahearn8c,1
Jesselyn,Antyukhin,jantyukhin8d@w3.org,jantyukhin8d,1
Glendon,McCarrell,gmccarrell8e@360.cn,gmccarrell8e,1
Hewitt,Epsley,hepsley8f@phpbb.com,hepsley8f,1
Lin,Northidge,lnorthidge8g@illinois.edu,lnorthidge8g,1
Felipe,O'Heagertie,foheagertie8h@bandcamp.com,foheagertie8h,2
Seumas,Ajsik,sajsik8i@e-recht24.de,sajsik8i,3
Bettye,Fosdike,bfosdike8j@army.mil,bfosdike8j,3
Rawley,Yanov,ryanov8k@omniture.com,ryanov8k,3
Rolando,Cardenosa,rcardenosa8l@blinklist.com,rcardenosa8l,2
Jack,Werner,jwerner8m@mac.com,jwerner8m,2
Barbie,Steptowe,bsteptowe8n@drupal.org,bsteptowe8n,3
Vevay,Cumberland,vcumberland8o@ow.ly,vcumberland8o,3
Maddie,Lumsdon,mlumsdon8p@myspace.com,mlumsdon8p,1
Catharina,Waterhouse,cwaterhouse8q@infoseek.co.jp,cwaterhouse8q,2
Zorah,Hurlston,zhurlston8r@unc.edu,zhurlston8r,1
Jonas,Raund,jraund8s@indiatimes.com,jraund8s,3
Maurise,Storrah,mstorrah8t@sitemeter.com,mstorrah8t,1
Maddalena,Meechan,mmeechan8u@networkadvertising.org,mmeechan8u,1
Elianora,Raynor,eraynor8v@nih.gov,eraynor8v,1
Katleen,Dingle,kdingle8w@issuu.com,kdingle8w,1
Aubert,Krzysztof,akrzysztof8x@cyberchimps.com,akrzysztof8x,3
Kym,Fenning,kfenning8y@arstechnica.com,kfenning8y,3
Madison,Woodhead,mwoodhead8z@reverbnation.com,mwoodhead8z,3
Cris,Livock,clivock90@japanpost.jp,clivock90,3
Bowie,Pasticznyk,bpasticznyk91@theglobeandmail.com,bpasticznyk91,1
Josi,Brimm,jbrimm92@vk.com,jbrimm92,3
Read,Canellas,rcanellas93@nyu.edu,rcanellas93,2
Ethan,McLelland,emclelland94@sciencedirect.com,emclelland94,2
Filippa,Farlham,ffarlham95@yandex.ru,ffarlham95,3
Uriah,Irnys,uirnys96@vkontakte.ru,uirnys96,1
Skipper,Morgan,smorgan97@goo.gl,smorgan97,2
Koral,Minker,kminker98@github.com,kminker98,2
Loella,Blunsum,lblunsum99@state.tx.us,lblunsum99,1
Annaliese,Shivell,ashivell9a@surveymonkey.com,ashivell9a,2
Sapphira,More,smore9b@disqus.com,smore9b,2
Gianni,Slee,gslee9c@bandcamp.com,gslee9c,2
Desi,Andriulis,dandriulis9d@ehow.com,dandriulis9d,3
Adella,Gilbank,agilbank9e@upenn.edu,agilbank9e,2
Thibaut,Condie,tcondie9f@vinaora.com,tcondie9f,3
Clerkclaude,Brenard,cbrenard9g@army.mil,cbrenard9g,1
Martyn,Jeal,mjeal9h@telegraph.co.uk,mjeal9h,2
Erina,Gosse,egosse9i@squidoo.com,egosse9i,1
Kirstyn,Henkmann,khenkmann9j@g.co,khenkmann9j,3
Izak,MacFarlan,imacfarlan9k@java.com,imacfarlan9k,3
Irving,Copperwaite,icopperwaite9l@imgur.com,icopperwaite9l,3
Pascale,Pozer,ppozer9m@360.cn,ppozer9m,1
Eleen,Biddell,ebiddell9n@icio.us,ebiddell9n,1
Lambert,Jovic,ljovic9o@census.gov,ljovic9o,3
Selene,Erratt,serratt9p@zimbio.com,serratt9p,3
Candie,Peckett,cpeckett9q@ycombinator.com,cpeckett9q,1
Leonid,Andreaccio,landreaccio9r@goodreads.com,landreaccio9r,1
Doti,Steward,dsteward9s@amazonaws.com,dsteward9s,3
Rudyard,Moutray Read,rmoutrayread9t@plala.or.jp,rmoutrayread9t,2
Lanette,Barents,lbarents9u@a8.net,lbarents9u,3
Rafa,Bertl,rbertl9v@nytimes.com,rbertl9v,1
Maddie,Tunesi,mtunesi9w@wix.com,mtunesi9w,2
Kelly,McGeffen,kmcgeffen9x@1und1.de,kmcgeffen9x,2
Gisele,Ditts,gditts9y@wiley.com,gditts9y,3
Kessia,Sellars,ksellars9z@miibeian.gov.cn,ksellars9z,2
Priscella,Ruggier,pruggiera0@lulu.com,pruggiera0,2
Devinne,Cozens,dcozensa1@storify.com,dcozensa1,3
Adelind,Welberry,awelberrya2@infoseek.co.jp,awelberrya2,3
Valentijn,Trudgeon,vtrudgeona3@arizona.edu,vtrudgeona3,2
Whit,Buckler,wbucklera4@google.nl,wbucklera4,2
Giorgia,Taleworth,gtalewortha5@qq.com,gtalewortha5,3
Alisa,Prudham,aprudhama6@businesswire.com,aprudhama6,3
Horatia,Oultram,houltrama7@npr.org,houltrama7,1
Vanya,Vasiliu,vvasiliua8@nbcnews.com,vvasiliua8,3
Pooh,Tancock,ptancocka9@mlb.com,ptancocka9,1
Con,Timeby,ctimebyaa@behance.net,ctimebyaa,1
Rodie,Nijssen,rnijssenab@nbcnews.com,rnijssenab,1
Kirstin,Scroggie,kscroggieac@i2i.jp,kscroggieac,1
Brodie,Aronstam,baronstamad@sbwire.com,baronstamad,1
Umberto,Borer,uborerae@indiegogo.com,uborerae,2
Benny,Ellph,bellphaf@oracle.com,bellphaf,1
Reamonn,Keddy,rkeddyag@alexa.com,rkeddyag,3
Jackquelin,Kenen,jkenenah@youtu.be,jkenenah,2
Ermengarde,Rhoades,erhoadesai@ft.com,erhoadesai,3
Cinderella,Roxbee,croxbeeaj@comcast.net,croxbeeaj,1
Blane,Harness,bharnessak@github.com,bharnessak,3
Becca,Downer,bdowneral@tamu.edu,bdowneral,2
Carey,Nind,cnindam@pen.io,cnindam,1
Nil,Blas,nblasan@yelp.com,nblasan,3
Emmi,Reveley,ereveleyao@over-blog.com,ereveleyao,2
Misty,Skipton,mskiptonap@histats.com,mskiptonap,2
Fabiano,Spellissy,fspellissyaq@google.es,fspellissyaq,2
Gena,Loveguard,gloveguardar@amazon.com,gloveguardar,2
Marcie,Arnow,marnowas@geocities.jp,marnowas,3
Kelcy,Palmer,kpalmerat@fastcompany.com,kpalmerat,2
Holt,Page,hpageau@yahoo.co.jp,hpageau,2
Saul,Gallahue,sgallahueav@issuu.com,sgallahueav,3
Edie,Misk,emiskaw@flavors.me,emiskaw,1
Edan,Burrus,eburrusax@imageshack.us,eburrusax,3
Britt,North,bnorthay@ustream.tv,bnorthay,1
Ernesto,Gatherer,egathereraz@rakuten.co.jp,egathereraz,3
Josephine,Weald,jwealdb0@tinypic.com,jwealdb0,1
Korie,Baroux,kbarouxb1@purevolume.com,kbarouxb1,2
Miltie,Mahody,mmahodyb2@t-online.de,mmahodyb2,2
Giorgia,Gartenfeld,ggartenfeldb3@admin.ch,ggartenfeldb3,3
Gibb,Thomassin,gthomassinb4@jugem.jp,gthomassinb4,1
Mikel,Southway,msouthwayb5@symantec.com,msouthwayb5,1
Addia,Spafford,aspaffordb6@geocities.jp,aspaffordb6,1
Allis,Keiley,akeileyb7@about.com,akeileyb7,3
Dulcea,Katte,dkatteb8@prweb.com,dkatteb8,1
Westleigh,Sporgeon,wsporgeonb9@mtv.com,wsporgeonb9,2
Almeria,Furbank,afurbankba@cnn.com,afurbankba,3
Ami,Shee,asheebb@theguardian.com,asheebb,1
Ferdy,Parks,fparksbc@canalblog.com,fparksbc,1
Adrianna,Fantini,afantinibd@google.cn,afantinibd,3
Theresa,Satchell,tsatchellbe@indiatimes.com,tsatchellbe,1
Taite,Farquarson,tfarquarsonbf@home.pl,tfarquarsonbf,2
Heath,Eloi,heloibg@vimeo.com,heloibg,1
Gabriele,Twiddell,gtwiddellbh@washington.edu,gtwiddellbh,3
Chickie,Mantram,cmantrambi@so-net.ne.jp,cmantrambi,3
Hesther,Papa,hpapabj@yale.edu,hpapabj,2
Stafani,Beecheno,sbeechenobk@imageshack.us,sbeechenobk,1
Neel,Latliff,nlatliffbl@globo.com,nlatliffbl,3
Ardelia,Kempstone,akempstonebm@jimdo.com,akempstonebm,2
Chas,Medcraft,cmedcraftbn@army.mil,cmedcraftbn,3
Frederique,Seckom,fseckombo@globo.com,fseckombo,3
Jackson,Waind,jwaindbp@barnesandnoble.com,jwaindbp,2
Field,Print,fprintbq@fema.gov,fprintbq,1
Hamilton,Mathiot,hmathiotbr@desdev.cn,hmathiotbr,2
Fredrika,Ilden,fildenbs@twitter.com,fildenbs,1
Alonso,Lacasa,alacasabt@cloudflare.com,alacasabt,1
Jesselyn,Snodden,jsnoddenbu@feedburner.com,jsnoddenbu,1
Kasey,Duval,kduvalbv@squidoo.com,kduvalbv,2
Kellina,Alcock,kalcockbw@oracle.com,kalcockbw,1
Gabriel,Rillstone,grillstonebx@jigsy.com,grillstonebx,3
Ethelbert,Floodgate,efloodgateby@cdbaby.com,efloodgateby,1
Luigi,Hartfleet,lhartfleetbz@xinhuanet.com,lhartfleetbz,3
Hartwell,Salmons,hsalmonsc0@reference.com,hsalmonsc0,3
Kevyn,Valerius,kvaleriusc1@theatlantic.com,kvaleriusc1,2
Orton,Jamson,ojamsonc2@chron.com,ojamsonc2,1
Joseito,Flintoff,jflintoffc3@people.com.cn,jflintoffc3,2
Jemimah,Whittaker,jwhittakerc4@businessweek.com,jwhittakerc4,1
Patrizia,Simoncelli,psimoncellic5@twitter.com,psimoncellic5,1
Morten,Moran,mmoranc6@google.co.uk,mmoranc6,2
Rolfe,Peplow,rpeplowc7@sciencedirect.com,rpeplowc7,3
Christin,McGonagle,cmcgonaglec8@cpanel.net,cmcgonaglec8,1
Peyton,Alonso,palonsoc9@posterous.com,palonsoc9,1
Dorolice,Bing,dbingca@printfriendly.com,dbingca,3
Jocelyne,Cassey,jcasseycb@bravesites.com,jcasseycb,1
Mendie,Drayn,mdrayncc@yolasite.com,mdrayncc,1
Neville,Fishbourne,nfishbournecd@4shared.com,nfishbournecd,1
Oralla,Petruszka,opetruszkace@usda.gov,opetruszkace,1
Mommy,Tunnoch,mtunnochcf@wsj.com,mtunnochcf,2
Vale,Anthony,vanthonycg@sourceforge.net,vanthonycg,3
Ignazio,Mardell,imardellch@hostgator.com,imardellch,3
Tera,Craigg,tcraiggci@salon.com,tcraiggci,1
Marje,Dillaway,mdillawaycj@google.it,mdillawaycj,2
Nikolai,Spilsted,nspilstedck@apache.org,nspilstedck,1
Zacherie,Barhem,zbarhemcl@japanpost.jp,zbarhemcl,2
Perri,Kincla,pkinclacm@plala.or.jp,pkinclacm,2
Lulu,Langston,llangstoncn@boston.com,llangstoncn,2
Gaylor,Gilberthorpe,ggilberthorpeco@mediafire.com,ggilberthorpeco,1
Brewster,Dawson,bdawsoncp@cbsnews.com,bdawsoncp,2
Electra,Gouge,egougecq@comsenz.com,egougecq,1
Ann,MacAfee,amacafeecr@jigsy.com,amacafeecr,2
Harry,Haselden,hhaseldencs@noaa.gov,hhaseldencs,2
Schuyler,Manford,smanfordct@ucsd.edu,smanfordct,3
Ferguson,Lawless,flawlesscu@furl.net,flawlesscu,3
Yorke,Roelofsen,yroelofsencv@behance.net,yroelofsencv,2
Rosalinda,Scoles,rscolescw@cbc.ca,rscolescw,1
Tobin,de Mendoza,tdemendozacx@utexas.edu,tdemendozacx,3
Kelly,Lott,klottcy@goo.gl,klottcy,1
Clem,Sommerled,csommerledcz@ovh.net,csommerledcz,2
Bogart,McColl,bmccolld0@answers.com,bmccolld0,2
Shelli,Nozzolii,snozzoliid1@google.pl,snozzoliid1,3
Gibbie,Sidworth,gsidworthd2@icio.us,gsidworthd2,1
Zora,Boater,zboaterd3@fema.gov,zboaterd3,3
Izak,More,imored4@plala.or.jp,imored4,1
Cynthy,McCleary,cmcclearyd5@macromedia.com,cmcclearyd5,1
Geri,Commins,gcomminsd6@stumbleupon.com,gcomminsd6,3
Dominique,Sharrocks,dsharrocksd7@foxnews.com,dsharrocksd7,2
Brana,Manston,bmanstond8@ucoz.com,bmanstond8,1
Theodosia,Deverson,tdeversond9@mayoclinic.com,tdeversond9,3
Ronni,Kalisz,rkaliszda@google.de,rkaliszda,2
Trefor,Bulbrook,tbulbrookdb@com.com,tbulbrookdb,1
Bari,Josephoff,bjosephoffdc@ibm.com,bjosephoffdc,3
Birk,Jopson,bjopsondd@furl.net,bjopsondd,3
Flss,Pinwill,fpinwillde@flickr.com,fpinwillde,2
Germain,MacConnulty,gmacconnultydf@imgur.com,gmacconnultydf,3
Ezmeralda,Covington,ecovingtondg@blogtalkradio.com,ecovingtondg,1
Danette,Rawdall,drawdalldh@goo.gl,drawdalldh,3
Rand,Earl,rearldi@hc360.com,rearldi,2
Lorelle,Stollwerck,lstollwerckdj@bloomberg.com,lstollwerckdj,2
Lindsey,Tommaseo,ltommaseodk@pcworld.com,ltommaseodk,1
Milena,Flucker,mfluckerdl@php.net,mfluckerdl,2
Erma,Crimpe,ecrimpedm@upenn.edu,ecrimpedm,2
Pammy,Scase,pscasedn@cyberchimps.com,pscasedn,3
Finn,Stollhofer,fstollhoferdo@yellowpages.com,fstollhoferdo,2
Sibilla,Renfield,srenfielddp@microsoft.com,srenfielddp,2
Wally,Quantick,wquantickdq@trellian.com,wquantickdq,1
Rutledge,Stuchberry,rstuchberrydr@deliciousdays.com,rstuchberrydr,3
Fay,Pidgley,fpidgleyds@blogspot.com,fpidgleyds,1
Heath,Baynes,hbaynesdt@comsenz.com,hbaynesdt,1
Kath,Bouda,kboudadu@usa.gov,kboudadu,3
Rhett,Gilley,rgilleydv@usa.gov,rgilleydv,2
Gilbert,Ilymanov,gilymanovdw@myspace.com,gilymanovdw,3
Amalea,Raddon,araddondx@princeton.edu,araddondx,3
Geraldine,Younghusband,gyounghusbanddy@oracle.com,gyounghusbanddy,1
Alicea,Surgeoner,asurgeonerdz@accuweather.com,asurgeonerdz,3
Corissa,Driscoll,cdriscolle0@alexa.com,cdriscolle0,2
Ira,Luparti,ilupartie1@springer.com,ilupartie1,3
Immanuel,Manzell,imanzelle2@ed.gov,imanzelle2,1
Harlie,Soloway,hsolowaye3@nydailynews.com,hsolowaye3,3
Jethro,Hugli,jhuglie4@studiopress.com,jhuglie4,3
Ibbie,Habbal,ihabbale5@samsung.com,ihabbale5,1
Sybyl,Courvert,scourverte6@technorati.com,scourverte6,1
Winfred,Roadnight,wroadnighte7@tiny.cc,wroadnighte7,2
Torrey,Newitt,tnewitte8@google.co.jp,tnewitte8,2
Ellene,Scurfield,escurfielde9@google.nl,escurfielde9,3
Vaughn,Coulthard,vcoulthardea@twitpic.com,vcoulthardea,2
Paulo,Deeson,pdeesoneb@washington.edu,pdeesoneb,1
Marnie,Drane,mdraneec@geocities.com,mdraneec,1
Sutherland,Chrichton,schrichtoned@bluehost.com,schrichtoned,2
Jessy,Rambaut,jrambautee@naver.com,jrambautee,2
Anthia,Vern,avernef@surveymonkey.com,avernef,2
Biron,Eborall,beboralleg@icio.us,beboralleg,3
Fredericka,Tchaikovsky,ftchaikovskyeh@clickbank.net,ftchaikovskyeh,2
Abbie,Leades,aleadesei@flavors.me,aleadesei,2
Deidre,Gulberg,dgulbergej@foxnews.com,dgulbergej,2
Carlie,Meek,cmeekek@instagram.com,cmeekek,2
Buiron,Gaspard,bgaspardel@usgs.gov,bgaspardel,2
Normie,Challenor,nchallenorem@salon.com,nchallenorem,3
Mar,Hinckesman,mhinckesmanen@marketwatch.com,mhinckesmanen,1
Othello,McGillreich,omcgillreicheo@studiopress.com,omcgillreicheo,2
Claudina,Ewenson,cewensonep@myspace.com,cewensonep,1
Wally,Tym,wtymeq@netlog.com,wtymeq,3
Daphna,Quadling,dquadlinger@fda.gov,dquadlinger,2
Dix,Torr,dtorres@stanford.edu,dtorres,2
Joycelin,Woolham,jwoolhamet@apple.com,jwoolhamet,2
Maressa,Membry,mmembryeu@techcrunch.com,mmembryeu,1
Tori,Signoret,tsignoretev@theglobeandmail.com,tsignoretev,3
Lilllie,Kerby,lkerbyew@ucoz.com,lkerbyew,3
Philippa,Fagge,pfaggeex@cafepress.com,pfaggeex,1
Lavena,Zanuciolii,lzanucioliiey@topsy.com,lzanucioliiey,2
Georgina,Yoell,gyoellez@freewebs.com,gyoellez,3
Eleonore,Brodeau,ebrodeauf0@umich.edu,ebrodeauf0,2
Gusella,Thormann,gthormannf1@odnoklassniki.ru,gthormannf1,3
Sarette,Colquyte,scolquytef2@free.fr,scolquytef2,1
Nichole,Claricoates,nclaricoatesf3@infoseek.co.jp,nclaricoatesf3,1
Isaak,Ellsbury,iellsburyf4@mozilla.org,iellsburyf4,1
Nappie,McBoyle,nmcboylef5@naver.com,nmcboylef5,2
Amalie,Ezzy,aezzyf6@sina.com.cn,aezzyf6,1
Vicky,Staden,vstadenf7@sciencedaily.com,vstadenf7,1
Chloe,Thorlby,cthorlbyf8@hostgator.com,cthorlbyf8,3
Obie,Farlam,ofarlamf9@prweb.com,ofarlamf9,2
Brena,Springtorpe,bspringtorpefa@blinklist.com,bspringtorpefa,3
Ophelia,Pridding,opriddingfb@meetup.com,opriddingfb,2
Luther,Cinelli,lcinellifc@sourceforge.net,lcinellifc,2
Alfreda,Duiged,aduigedfd@wisc.edu,aduigedfd,1
Inglis,Brasted,ibrastedfe@techcrunch.com,ibrastedfe,1
Oralle,Pibsworth,opibsworthff@ibm.com,opibsworthff,3
Skylar,MacGibbon,smacgibbonfg@elegantthemes.com,smacgibbonfg,1
Ennis,Quinton,equintonfh@freewebs.com,equintonfh,3
Engelbert,Korf,ekorffi@census.gov,ekorffi,3
Shaughn,Korb,skorbfj@biglobe.ne.jp,skorbfj,2
Natasha,Balchen,nbalchenfk@t.co,nbalchenfk,2
Andros,Defty,adeftyfl@guardian.co.uk,adeftyfl,1
Felicdad,Eastridge,feastridgefm@topsy.com,feastridgefm,1
Carlye,Huster,chusterfn@digg.com,chusterfn,2
Melonie,Yendle,myendlefo@issuu.com,myendlefo,1
Rebecka,Guillerman,rguillermanfp@qq.com,rguillermanfp,1
Dulcia,Follis,dfollisfq@ning.com,dfollisfq,2
Casie,Willars,cwillarsfr@360.cn,cwillarsfr,3
Rayner,Jakubski,rjakubskifs@wordpress.com,rjakubskifs,3
Hailey,Budgen,hbudgenft@bbb.org,hbudgenft,3
Lillian,Brakewell,lbrakewellfu@over-blog.com,lbrakewellfu,1
Cindee,Leary,clearyfv@delicious.com,clearyfv,3
Marylee,Sonier,msonierfw@behance.net,msonierfw,1
Georgeanne,Hourican,ghouricanfx@vkontakte.ru,ghouricanfx,2
Jobi,Mayoral,jmayoralfy@infoseek.co.jp,jmayoralfy,2
Gabi,Twinbrow,gtwinbrowfz@berkeley.edu,gtwinbrowfz,2
Norbert,Vaggers,nvaggersg0@newsvine.com,nvaggersg0,3
Karalynn,Scarse,kscarseg1@mediafire.com,kscarseg1,3
Kirsten,Vasilevich,kvasilevichg2@youku.com,kvasilevichg2,2
Josie,Crapper,jcrapperg3@europa.eu,jcrapperg3,3
Hammad,Netherwood,hnetherwoodg4@elpais.com,hnetherwoodg4,2
Loralyn,Hancill,lhancillg5@sakura.ne.jp,lhancillg5,2
Jorrie,Foucar,jfoucarg6@goodreads.com,jfoucarg6,1
Rachelle,Tomet,rtometg7@unc.edu,rtometg7,2
Daveta,Gillebert,dgillebertg8@discovery.com,dgillebertg8,2
Crawford,Churchill,cchurchillg9@t-online.de,cchurchillg9,1
Hyatt,Fowlds,hfowldsga@devhub.com,hfowldsga,3
Emmalynn,O'Driscole,eodriscolegb@booking.com,eodriscolegb,3
Karly,Searchfield,ksearchfieldgc@unicef.org,ksearchfieldgc,1
Gonzalo,Blumfield,gblumfieldgd@php.net,gblumfieldgd,3
Gabriela,Ketchell,gketchellge@dot.gov,gketchellge,2
Inglis,Baudains,ibaudainsgf@about.com,ibaudainsgf,2
Cicely,Bottomley,cbottomleygg@about.com,cbottomleygg,2
Arch,Fender,afendergh@arstechnica.com,afendergh,3
Petronilla,Semper,psempergi@japanpost.jp,psempergi,2
Earvin,Eveleigh,eeveleighgj@plala.or.jp,eeveleighgj,1
Hyacintha,Bickmore,hbickmoregk@blogger.com,hbickmoregk,1
Dun,Hardacre,dhardacregl@biblegateway.com,dhardacregl,3
Kiley,Garford,kgarfordgm@netscape.com,kgarfordgm,1
Josephina,Bedding,jbeddinggn@gnu.org,jbeddinggn,1
Rolfe,Lintott,rlintottgo@ow.ly,rlintottgo,2
Clim,McKeevers,cmckeeversgp@surveymonkey.com,cmckeeversgp,2
Cathrine,O' Cloney,cocloneygq@pen.io,cocloneygq,2
Calypso,McKennan,cmckennangr@dropbox.com,cmckennangr,1
Branden,Boyet,bboyetgs@skyrock.com,bboyetgs,3
Alyson,Hughs,ahughsgt@kickstarter.com,ahughsgt,2
Mack,MacIntyre,mmacintyregu@nature.com,mmacintyregu,2
Carlene,Phillot,cphillotgv@cocolog-nifty.com,cphillotgv,1
Kiel,Greenham,kgreenhamgw@reverbnation.com,kgreenhamgw,2
Walther,Kondratowicz,wkondratowiczgx@nyu.edu,wkondratowiczgx,3
Babs,Forryan,bforryangy@kickstarter.com,bforryangy,3
Lebbie,Drakes,ldrakesgz@cnet.com,ldrakesgz,1
Emelen,Prendeguest,eprendeguesth0@wordpress.org,eprendeguesth0,2
Delora,Mahony,dmahonyh1@wikispaces.com,dmahonyh1,3
Marleen,Flaws,mflawsh2@ucla.edu,mflawsh2,1
Vonni,Montez,vmontezh3@paypal.com,vmontezh3,3
Omar,Wheaton,owheatonh4@si.edu,owheatonh4,3
Udale,Jahner,ujahnerh5@rakuten.co.jp,ujahnerh5,2
Salvidor,Kenneway,skennewayh6@discovery.com,skennewayh6,2
Shell,Danis,sdanish7@ihg.com,sdanish7,2
Mada,Gelletly,mgelletlyh8@salon.com,mgelletlyh8,3
Albie,Nast,anasth9@shutterfly.com,anasth9,1
Fredelia,Discombe,fdiscombeha@google.com,fdiscombeha,1
Zebedee,Camis,zcamishb@netscape.com,zcamishb,2
Elonore,McIllroy,emcillroyhc@pen.io,emcillroyhc,3
Kellen,Brewster,kbrewsterhd@mail.ru,kbrewsterhd,3
Adolphe,Tonepohl,atonepohlhe@fc2.com,atonepohlhe,2
Gretchen,Brightwell,gbrightwellhf@angelfire.com,gbrightwellhf,1
Nels,Cafe,ncafehg@psu.edu,ncafehg,2
Burl,Jamrowicz,bjamrowiczhh@sun.com,bjamrowiczhh,2
Freda,Rhelton,frheltonhi@ustream.tv,frheltonhi,1
Hallie,Bernardy,hbernardyhj@xing.com,hbernardyhj,1
Margaux,Leacock,mleacockhk@chron.com,mleacockhk,2
Waldon,Ludy,wludyhl@uol.com.br,wludyhl,3
Blake,Eagland,beaglandhm@tamu.edu,beaglandhm,1
Roderic,Lossman,rlossmanhn@businessinsider.com,rlossmanhn,2
Indira,Lucian,ilucianho@oakley.com,ilucianho,2
Isabelita,Lavrinov,ilavrinovhp@deliciousdays.com,ilavrinovhp,3
Olimpia,Wilhelmy,owilhelmyhq@va.gov,owilhelmyhq,2
Dorree,Dumingo,ddumingohr@cloudflare.com,ddumingohr,2
Scottie,Joseff,sjoseffhs@edublogs.org,sjoseffhs,1
Robby,Brimman,rbrimmanht@yahoo.com,rbrimmanht,3
Otto,Stanton,ostantonhu@aol.com,ostantonhu,1
Teriann,Faier,tfaierhv@friendfeed.com,tfaierhv,3
Jennica,Valentetti,jvalentettihw@rambler.ru,jvalentettihw,3
Renault,Hickisson,rhickissonhx@icq.com,rhickissonhx,1
Shannan,Mayers,smayershy@mysql.com,smayershy,1
Sisely,Treversh,strevershhz@kickstarter.com,strevershhz,2
Joelie,Pyffe,jpyffei0@google.co.uk,jpyffei0,3
Sophronia,Gamble,sgamblei1@army.mil,sgamblei1,1
Diane,MacGraith,dmacgraithi2@wikispaces.com,dmacgraithi2,2
Baron,Myrick,bmyricki3@elegantthemes.com,bmyricki3,2
Skippy,Keough,skeoughi4@webeden.co.uk,skeoughi4,3
Nonna,Le Page,nlepagei5@yahoo.com,nlepagei5,1
Georgena,MacCorkell,gmaccorkelli6@ustream.tv,gmaccorkelli6,2
Willetta,O'Driscole,wodriscolei7@berkeley.edu,wodriscolei7,3
Alfons,Cyphus,acyphusi8@typepad.com,acyphusi8,1
Leighton,Standeven,lstandeveni9@cdbaby.com,lstandeveni9,1
Rebekkah,Warburton,rwarburtonia@tiny.cc,rwarburtonia,3
Raye,Albrecht,ralbrechtib@va.gov,ralbrechtib,2
Enrico,Bungey,ebungeyic@sohu.com,ebungeyic,1
Alvina,Hanrott,ahanrottid@skype.com,ahanrottid,2
See,Westwater,swestwaterie@geocities.com,swestwaterie,1
Jeremie,Perryman,jperrymanif@prnewswire.com,jperrymanif,1
Howard,O'Henery,hoheneryig@google.co.jp,hoheneryig,2
Kirsteni,Sidery,ksideryih@fc2.com,ksideryih,2
Nissie,Laurentin,nlaurentinii@i2i.jp,nlaurentinii,1
Janina,Marco,jmarcoij@kickstarter.com,jmarcoij,3
Liv,Merigeau,lmerigeauik@tmall.com,lmerigeauik,2
Camellia,Giamitti,cgiamittiil@paypal.com,cgiamittiil,3
Beatrice,Burchfield,bburchfieldim@ask.com,bburchfieldim,1
Dalton,Argo,dargoin@sphinn.com,dargoin,1
Joye,Meekins,jmeekinsio@jigsy.com,jmeekinsio,2
Vanya,Breedy,vbreedyip@canalblog.com,vbreedyip,2
Adrea,Pennyman,apennymaniq@umn.edu,apennymaniq,2
Wade,Boothe,wbootheir@mail.ru,wbootheir,1
Hewe,Brennand,hbrennandis@jiathis.com,hbrennandis,2
Sandor,Boerderman,sboerdermanit@cpanel.net,sboerdermanit,3
Rafe,Saffell,rsaffelliu@nih.gov,rsaffelliu,3
Anna,Malter,amalteriv@discovery.com,amalteriv,3
Barrie,Hannum,bhannumiw@tinyurl.com,bhannumiw,1
Carolyne,Jessop,cjessopix@stanford.edu,cjessopix,1
Alanna,Paulet,apauletiy@wikia.com,apauletiy,2
Waylen,Swansborough,wswansboroughiz@apple.com,wswansboroughiz,1
Deeanne,Aldersey,dalderseyj0@icio.us,dalderseyj0,1
Early,Lockery,elockeryj1@last.fm,elockeryj1,1
Haskel,Burkin,hburkinj2@myspace.com,hburkinj2,3
Brucie,Wickman,bwickmanj3@springer.com,bwickmanj3,3
Antonius,Kamenar,akamenarj4@live.com,akamenarj4,1
Bernarr,Dilleston,bdillestonj5@tiny.cc,bdillestonj5,2
Verina,Spykings,vspykingsj6@jugem.jp,vspykingsj6,3
Heinrick,Sonschein,hsonscheinj7@soundcloud.com,hsonscheinj7,1
Ilyse,Peebles,ipeeblesj8@shinystat.com,ipeeblesj8,2
Ellerey,Balsellie,ebalselliej9@washingtonpost.com,ebalselliej9,2
Clemmy,Sprigin,cspriginja@1und1.de,cspriginja,3
Willi,Vasin,wvasinjb@columbia.edu,wvasinjb,1
Winny,Blasoni,wblasonijc@guardian.co.uk,wblasonijc,3
Stan,Chiplin,schiplinjd@dion.ne.jp,schiplinjd,2
Eleni,Mewes,emewesje@xing.com,emewesje,1
Caz,Osbiston,cosbistonjf@china.com.cn,cosbistonjf,2
Sondra,Gallichiccio,sgallichicciojg@yahoo.co.jp,sgallichicciojg,1
Darice,Bernardeau,dbernardeaujh@washington.edu,dbernardeaujh,1
Murray,Northwood,mnorthwoodji@webeden.co.uk,mnorthwoodji,3
Fina,Birkmyre,fbirkmyrejj@cargocollective.com,fbirkmyrejj,3
Lindy,Bootyman,lbootymanjk@sohu.com,lbootymanjk,1
Pascal,Elliker,pellikerjl@wsj.com,pellikerjl,2
Chrysa,O'Halloran,cohalloranjm@ed.gov,cohalloranjm,3
Ossie,Paike,opaikejn@google.nl,opaikejn,3
Kirsteni,Starkie,kstarkiejo@alexa.com,kstarkiejo,3
Consolata,Oldmeadow,coldmeadowjp@google.it,coldmeadowjp,2
Kata,Dowglass,kdowglassjq@businesswire.com,kdowglassjq,2
Giffard,Meriel,gmerieljr@bluehost.com,gmerieljr,3
Gabriella,Hourahan,ghourahanjs@cmu.edu,ghourahanjs,3
Liz,Mackin,lmackinjt@flavors.me,lmackinjt,1
Laure,O'Hartagan,lohartaganju@wikimedia.org,lohartaganju,2
Reinhold,Harring,rharringjv@yolasite.com,rharringjv,1
Rheba,Barlthrop,rbarlthropjw@github.com,rbarlthropjw,1
Rozele,Bushel,rbusheljx@twitter.com,rbusheljx,2
Estele,Gowanlock,egowanlockjy@sakura.ne.jp,egowanlockjy,1
Rhys,Peggram,rpeggramjz@huffingtonpost.com,rpeggramjz,2
Alvie,Westell,awestellk0@mediafire.com,awestellk0,2
Guinevere,Lehrian,glehriank1@cargocollective.com,glehriank1,1
Dillie,Synke,dsynkek2@google.com.hk,dsynkek2,1
Maddy,Rowbottom,mrowbottomk3@issuu.com,mrowbottomk3,3
Annie,Hansom,ahansomk4@mayoclinic.com,ahansomk4,2
Mendie,Blasing,mblasingk5@stumbleupon.com,mblasingk5,2
Omero,D'Avaux,odavauxk6@apple.com,odavauxk6,3
Jasmin,Daulby,jdaulbyk7@theglobeandmail.com,jdaulbyk7,2
Cathi,Spores,csporesk8@wsj.com,csporesk8,2
Krissy,Lembcke,klembckek9@cam.ac.uk,klembckek9,2
Dani,Leak,dleakka@pagesperso-orange.fr,dleakka,3
Randi,Broadist,rbroadistkb@dedecms.com,rbroadistkb,2
Sheff,Laytham,slaythamkc@blinklist.com,slaythamkc,2
Deerdre,Langtree,dlangtreekd@opensource.org,dlangtreekd,1
Dody,Baudins,dbaudinske@google.com.hk,dbaudinske,1
Kain,Billanie,kbillaniekf@cbslocal.com,kbillaniekf,2
Cristabel,Littlefair,clittlefairkg@umn.edu,clittlefairkg,2
Lavina,Feaveryear,lfeaveryearkh@paginegialle.it,lfeaveryearkh,1
Mikael,Tollemache,mtollemacheki@bizjournals.com,mtollemacheki,1
Leigh,Verriour,lverriourkj@weather.com,lverriourkj,1
Tricia,Rebert,trebertkk@foxnews.com,trebertkk,1
Helaine,Bowfin,hbowfinkl@myspace.com,hbowfinkl,2
Carroll,McGrotty,cmcgrottykm@free.fr,cmcgrottykm,2
Faith,Waison,fwaisonkn@forbes.com,fwaisonkn,3
Marillin,Padbery,mpadberyko@ask.com,mpadberyko,1
Orelie,Trahearn,otrahearnkp@prnewswire.com,otrahearnkp,3
Giralda,Headland,gheadlandkq@google.cn,gheadlandkq,1
Joycelin,Lillee,jlilleekr@booking.com,jlilleekr,1
Lolly,Dunnett,ldunnettks@yandex.ru,ldunnettks,1
Doti,Kingsnode,dkingsnodekt@umn.edu,dkingsnodekt,1
Jacobo,Willson,jwillsonku@bloglines.com,jwillsonku,3
Elnore,Kelloway,ekellowaykv@dailymotion.com,ekellowaykv,3
Tam,Okroy,tokroykw@whitehouse.gov,tokroykw,3
Luelle,Deverille,ldeverillekx@cnet.com,ldeverillekx,3
Florian,Cobden,fcobdenky@engadget.com,fcobdenky,3
Alanson,Mateos,amateoskz@ovh.net,amateoskz,1
Chiarra,Innett,cinnettl0@gov.uk,cinnettl0,3
Don,Ceeley,dceeleyl1@wsj.com,dceeleyl1,1
Joela,Smartman,jsmartmanl2@mediafire.com,jsmartmanl2,1
Devinne,Ibanez,dibanezl3@mac.com,dibanezl3,2
Westbrook,Playfair,wplayfairl4@guardian.co.uk,wplayfairl4,1
Kiri,Cannam,kcannaml5@mac.com,kcannaml5,3
Gasparo,Olufsen,golufsenl6@merriam-webster.com,golufsenl6,1
Mina,Muro,mmurol7@vimeo.com,mmurol7,3
Jeniece,Dashwood,jdashwoodl8@mtv.com,jdashwoodl8,1
Isobel,Oattes,ioattesl9@booking.com,ioattesl9,3
Raquel,Luter,rluterla@nymag.com,rluterla,2
Raine,Nipper,rnipperlb@go.com,rnipperlb,2
Ashil,Squire,asquirelc@ca.gov,asquirelc,1
Cherilyn,McIsaac,cmcisaacld@nyu.edu,cmcisaacld,3
Ebony,Perrelle,eperrellele@google.ru,eperrellele,1
Josefina,Benazet,jbenazetlf@hibu.com,jbenazetlf,3
Eldon,Courtney,ecourtneylg@vimeo.com,ecourtneylg,2
Ardella,O' Donohue,aodonohuelh@google.nl,aodonohuelh,1
Jerad,Quince,jquinceli@ed.gov,jquinceli,1
Bart,Shekle,bsheklelj@parallels.com,bsheklelj,2
Federico,Stobo,fstobolk@moonfruit.com,fstobolk,2
Jeanie,Noice,jnoicell@omniture.com,jnoicell,3
Dianemarie,Paris,dparislm@hibu.com,dparislm,1
Perla,Letteresse,pletteresseln@nydailynews.com,pletteresseln,1
Renate,Vasyaev,rvasyaevlo@dedecms.com,rvasyaevlo,1
Ewell,Tees,eteeslp@hostgator.com,eteeslp,2
Jennee,Ellwood,jellwoodlq@1und1.de,jellwoodlq,1
Ethelyn,Shanklin,eshanklinlr@yelp.com,eshanklinlr,2
Dixie,Murty,dmurtyls@deviantart.com,dmurtyls,1
Welbie,Galgey,wgalgeylt@gizmodo.com,wgalgeylt,2
Carmen,L'argent,clargentlu@ask.com,clargentlu,3
Gib,Crowdson,gcrowdsonlv@seattletimes.com,gcrowdsonlv,1
Carlie,Putland,cputlandlw@domainmarket.com,cputlandlw,2
Andy,Royl,aroyllx@so-net.ne.jp,aroyllx,1
Hobie,Alps,halpsly@omniture.com,halpsly,2
Lorie,Say,lsaylz@jugem.jp,lsaylz,3
Ardenia,Erskine Sandys,aerskinesandysm0@dell.com,aerskinesandysm0,1
Loralie,Redon,lredonm1@tinypic.com,lredonm1,3
Mariellen,Zmitrichenko,mzmitrichenkom2@t-online.de,mzmitrichenkom2,1
Nevin,Fernihough,nfernihoughm3@trellian.com,nfernihoughm3,1
Kizzee,Oglevie,kogleviem4@twitpic.com,kogleviem4,3
Clive,Mathewson,cmathewsonm5@about.com,cmathewsonm5,2
Marve,Tavernor,mtavernorm6@springer.com,mtavernorm6,3
Russell,Wych,rwychm7@gizmodo.com,rwychm7,3
Buffy,Latek,blatekm8@sitemeter.com,blatekm8,1
Cullin,Hobell,chobellm9@state.tx.us,chobellm9,1
Papagena,Scotchmor,pscotchmorma@reddit.com,pscotchmorma,1
Feodor,Simmonds,fsimmondsmb@narod.ru,fsimmondsmb,2
Glennie,Sharpin,gsharpinmc@engadget.com,gsharpinmc,2
Cleavland,Robak,crobakmd@unesco.org,crobakmd,2
Jamima,Edds,jeddsme@dyndns.org,jeddsme,3
Tamra,Shelliday,tshellidaymf@last.fm,tshellidaymf,3
Berri,Kilcoyne,bkilcoynemg@liveinternet.ru,bkilcoynemg,3
Nelson,Fechnie,nfechniemh@loc.gov,nfechniemh,2
Butch,Thatcher,bthatchermi@hostgator.com,bthatchermi,2
Leonelle,Tessyman,ltessymanmj@economist.com,ltessymanmj,1
Betsey,Jarrell,bjarrellmk@amazon.com,bjarrellmk,1
Manolo,Glowacha,mglowachaml@earthlink.net,mglowachaml,2
Lenore,Lifsey,llifseymm@wiley.com,llifseymm,1
Davy,Facher,dfachermn@dmoz.org,dfachermn,2
Myrilla,McKelvey,mmckelveymo@geocities.jp,mmckelveymo,1
Maggy,Pedler,mpedlermp@sciencedirect.com,mpedlermp,3
Alexia,Cheek,acheekmq@bloglines.com,acheekmq,1
Karney,Caghy,kcaghymr@sakura.ne.jp,kcaghymr,1
Carmelle,McSaul,cmcsaulms@icq.com,cmcsaulms,3
Camey,Masterson,cmastersonmt@oakley.com,cmastersonmt,3
Griffy,Marshfield,gmarshfieldmu@cornell.edu,gmarshfieldmu,1
Kerry,Bramo,kbramomv@phpbb.com,kbramomv,3
Bonni,Mossman,bmossmanmw@upenn.edu,bmossmanmw,2
Rodney,Pedden,rpeddenmx@prnewswire.com,rpeddenmx,2
Mathew,Cheetam,mcheetammy@smugmug.com,mcheetammy,1
Pennie,Buddleigh,pbuddleighmz@over-blog.com,pbuddleighmz,1
Clementia,Levicount,clevicountn0@netlog.com,clevicountn0,2
Garreth,Rickaert,grickaertn1@hud.gov,grickaertn1,1
Conway,Fley,cfleyn2@blogs.com,cfleyn2,3
Land,Pattisson,lpattissonn3@domainmarket.com,lpattissonn3,3
Pamella,Bennike,pbenniken4@hibu.com,pbenniken4,2
Clareta,Pecht,cpechtn5@washingtonpost.com,cpechtn5,1
Crystie,Aubrun,caubrunn6@icq.com,caubrunn6,3
Jobie,Romayne,jromaynen7@deliciousdays.com,jromaynen7,1
Colleen,Griswood,cgriswoodn8@ucsd.edu,cgriswoodn8,3
Karlik,Ivankov,kivankovn9@google.ca,kivankovn9,2
Mata,Midford,mmidfordna@ebay.com,mmidfordna,1
Sherri,Cuttell,scuttellnb@toplist.cz,scuttellnb,2
Ashien,Isaak,aisaaknc@netlog.com,aisaaknc,3
Irita,Tregona,itregonand@amazon.de,itregonand,2
Meade,Spraberry,mspraberryne@google.com.br,mspraberryne,2
Wilek,Dyne,wdynenf@github.io,wdynenf,3
Vassily,Colquyte,vcolquyteng@vkontakte.ru,vcolquyteng,2
Brittany,Neaverson,bneaversonnh@washingtonpost.com,bneaversonnh,1
Ancell,Esser,aesserni@bizjournals.com,aesserni,3
Adeline,Benard,abenardnj@businesswire.com,abenardnj,3
Jonathan,Ledingham,jledinghamnk@cnn.com,jledinghamnk,2
Sherrie,Jaegar,sjaegarnl@live.com,sjaegarnl,3
Nikki,MacKibbon,nmackibbonnm@mashable.com,nmackibbonnm,2
Dasie,Macro,dmacronn@cnn.com,dmacronn,3
Juanita,Stenet,jstenetno@hatena.ne.jp,jstenetno,1
Babb,Guilleton,bguilletonnp@php.net,bguilletonnp,2
Bevvy,Goward,bgowardnq@newyorker.com,bgowardnq,1
Barbara-anne,Gaskall,bgaskallnr@php.net,bgaskallnr,2
Dacy,Elliman,dellimanns@economist.com,dellimanns,3
Shepperd,Rilton,sriltonnt@qq.com,sriltonnt,2
Packston,Clipsham,pclipshamnu@ucsd.edu,pclipshamnu,3
Hanna,Piet,hpietnv@microsoft.com,hpietnv,3
Emilie,Redfield,eredfieldnw@wikia.com,eredfieldnw,3
Tonia,Knowlton,tknowltonnx@yahoo.co.jp,tknowltonnx,3
Freddi,Mallatratt,fmallatrattny@yale.edu,fmallatrattny,2
Gayelord,Ferentz,gferentznz@tuttocitta.it,gferentznz,3
Bernhard,Keating,bkeatingo0@dailymail.co.uk,bkeatingo0,2
Caril,Kleinstern,ckleinsterno1@exblog.jp,ckleinsterno1,3
Linnea,Hawkes,lhawkeso2@skyrock.com,lhawkeso2,1
Maris,Edworthye,medworthyeo3@ezinearticles.com,medworthyeo3,3
Wallis,McCrossan,wmccrossano4@etsy.com,wmccrossano4,2
Imojean,Hallwell,ihallwello5@nps.gov,ihallwello5,3
Dionis,Clyde,dclydeo6@cnbc.com,dclydeo6,1
Rhonda,Jack,rjacko7@deliciousdays.com,rjacko7,3
Boigie,Faichney,bfaichneyo8@chron.com,bfaichneyo8,2
Demetris,Parramore,dparramoreo9@xinhuanet.com,dparramoreo9,1
Margarita,Bloore,mblooreoa@msn.com,mblooreoa,2
Allene,Varvara,avarvaraob@alexa.com,avarvaraob,1
Sada,Castagnet,scastagnetoc@shinystat.com,scastagnetoc,3
Peggie,Klimecki,pklimeckiod@spiegel.de,pklimeckiod,1
Mariann,Hutchens,mhutchensoe@clickbank.net,mhutchensoe,3
Francis,Labusquiere,flabusquiereof@dmoz.org,flabusquiereof,1
Derrik,Ribbens,dribbensog@amazonaws.com,dribbensog,1
Faustina,Hune,fhuneoh@time.com,fhuneoh,2
Daisi,Johnsson,djohnssonoi@ibm.com,djohnssonoi,1
Rosita,Libermore,rlibermoreoj@deviantart.com,rlibermoreoj,3
Christel,Ludlamme,cludlammeok@google.ca,cludlammeok,2
Glynnis,Asty,gastyol@de.vu,gastyol,3
Tulley,Muddimer,tmuddimerom@vimeo.com,tmuddimerom,3
Lulita,Pinniger,lpinnigeron@t.co,lpinnigeron,3
Maurizia,Figiovanni,mfigiovannioo@51.la,mfigiovannioo,2
Woodrow,Fernier,wfernierop@lulu.com,wfernierop,1
Karry,Cardis,kcardisoq@fc2.com,kcardisoq,1
Joann,Freeborne,jfreeborneor@hugedomains.com,jfreeborneor,3
Richart,McGuiney,rmcguineyos@samsung.com,rmcguineyos,3
Way,Panks,wpanksot@weibo.com,wpanksot,3
Bartolemo,Botten,bbottenou@topsy.com,bbottenou,1
Andrea,Casado,acasadoov@webeden.co.uk,acasadoov,2
Del,Prujean,dprujeanow@google.com.br,dprujeanow,3
Julee,Druett,jdruettox@arizona.edu,jdruettox,3
Emmery,Mix,emixoy@friendfeed.com,emixoy,1
Vincenz,Skullet,vskulletoz@stanford.edu,vskulletoz,3
Ardisj,Pursglove,apursglovep0@msn.com,apursglovep0,3
Carolina,Le Brom,clebromp1@google.nl,clebromp1,2
Isaiah,Bettenay,ibettenayp2@stanford.edu,ibettenayp2,3
Kennan,Whorall,kwhorallp3@friendfeed.com,kwhorallp3,1
Nate,Hails,nhailsp4@pinterest.com,nhailsp4,1
Rubie,Strangeway,rstrangewayp5@google.it,rstrangewayp5,1
Nathanial,Farland,nfarlandp6@slate.com,nfarlandp6,3
Danica,Demead,ddemeadp7@wp.com,ddemeadp7,2
Melitta,Fitchell,mfitchellp8@networksolutions.com,mfitchellp8,2
Jarrad,Grammer,jgrammerp9@myspace.com,jgrammerp9,1
Guss,Scarffe,gscarffepa@prnewswire.com,gscarffepa,1
Read,Francillo,rfrancillopb@simplemachines.org,rfrancillopb,1
Shaine,Bellenie,sbelleniepc@issuu.com,sbelleniepc,3
Silvano,Crofthwaite,scrofthwaitepd@4shared.com,scrofthwaitepd,1
Johannah,Sporner,jspornerpe@upenn.edu,jspornerpe,2
Idelle,Gouldbourn,igouldbournpf@nps.gov,igouldbournpf,2
Chiarra,Knight,cknightpg@over-blog.com,cknightpg,3
Payton,Twigger,ptwiggerph@opera.com,ptwiggerph,2
Clevie,Rannells,crannellspi@ezinearticles.com,crannellspi,3
Feodor,Symonds,fsymondspj@cafepress.com,fsymondspj,3
Lyda,Chelnam,lchelnampk@apache.org,lchelnampk,3
Phillip,Smalman,psmalmanpl@spotify.com,psmalmanpl,1
Deva,Crohan,dcrohanpm@sciencedirect.com,dcrohanpm,3
Homere,Haken,hhakenpn@netlog.com,hhakenpn,2
Ninnette,MacArd,nmacardpo@noaa.gov,nmacardpo,1
Stephie,Edmott,sedmottpp@google.com.hk,sedmottpp,2
Gwen,Garrioch,ggarriochpq@whitehouse.gov,ggarriochpq,2
Blondelle,Tompkin,btompkinpr@symantec.com,btompkinpr,1
Hagen,Spivey,hspiveyps@tinyurl.com,hspiveyps,2
Selia,Ruppele,sruppelept@stumbleupon.com,sruppelept,1
Merwyn,Christley,mchristleypu@xrea.com,mchristleypu,3
Cecile,Fabri,cfabripv@wunderground.com,cfabripv,3
Brigid,Dranfield,bdranfieldpw@flickr.com,bdranfieldpw,2
Meggy,Penhaligon,mpenhaligonpx@webmd.com,mpenhaligonpx,1
Cody,Glazer,cglazerpy@va.gov,cglazerpy,2
Chloette,Trustrie,ctrustriepz@over-blog.com,ctrustriepz,2
Mackenzie,Anespie,manespieq0@csmonitor.com,manespieq0,3
Powell,Kitt,pkittq1@sogou.com,pkittq1,2
Pren,Curzey,pcurzeyq2@blogtalkradio.com,pcurzeyq2,1
Abdel,O'Kennedy,aokennedyq3@tinypic.com,aokennedyq3,3
Anica,Mighele,amigheleq4@virginia.edu,amigheleq4,2
Dorthea,McGreary,dmcgrearyq5@cpanel.net,dmcgrearyq5,2
Ker,Rintoul,krintoulq6@youku.com,krintoulq6,1
Klemens,Faragan,kfaraganq7@netscape.com,kfaraganq7,1
Dee,Martinie,dmartinieq8@aboutads.info,dmartinieq8,1
Vinnie,Pilger,vpilgerq9@hao123.com,vpilgerq9,1
Amalea,Alred,aalredqa@state.tx.us,aalredqa,1
Gabriella,Clulee,gcluleeqb@statcounter.com,gcluleeqb,3
Vincent,Penning,vpenningqc@paginegialle.it,vpenningqc,3
Elfreda,Lewens,elewensqd@google.it,elewensqd,1
Gail,Ethelston,gethelstonqe@yolasite.com,gethelstonqe,2
Galven,Lorrie,glorrieqf@clickbank.net,glorrieqf,1
Nathanael,Laurant,nlaurantqg@wikia.com,nlaurantqg,2
Flynn,Sagg,fsaggqh@wired.com,fsaggqh,2
Mariana,Drennan,mdrennanqi@dmoz.org,mdrennanqi,2
Dur,Pidgeley,dpidgeleyqj@cisco.com,dpidgeleyqj,2
Amye,Davio,adavioqk@paypal.com,adavioqk,1
Gherardo,Semiras,gsemirasql@sitemeter.com,gsemirasql,1
Eleonora,Murrish,emurrishqm@google.co.jp,emurrishqm,2
Saunder,Daugherty,sdaughertyqn@adobe.com,sdaughertyqn,3
Edie,Swadlen,eswadlenqo@google.com,eswadlenqo,3
Eduard,Julyan,ejulyanqp@irs.gov,ejulyanqp,3
Ola,Ruffle,oruffleqq@nih.gov,oruffleqq,3
Sheila,Armatys,sarmatysqr@webnode.com,sarmatysqr,3
Nevile,Norville,nnorvilleqs@artisteer.com,nnorvilleqs,2
Dotty,Tredinnick,dtredinnickqt@taobao.com,dtredinnickqt,1
Tedda,Duffy,tduffyqu@bluehost.com,tduffyqu,3
Bram,Dulen,bdulenqv@ocn.ne.jp,bdulenqv,3
Nessa,Habercham,nhaberchamqw@statcounter.com,nhaberchamqw,2
Blake,Fairham,bfairhamqx@shop-pro.jp,bfairhamqx,2
Gabriel,Eddowis,geddowisqy@jigsy.com,geddowisqy,1
Barr,Girkin,bgirkinqz@cbc.ca,bgirkinqz,1
Antonella,Rominov,arominovr0@nhs.uk,arominovr0,3
Damita,Fensome,dfensomer1@admin.ch,dfensomer1,2
Wes,Paridge,wparidger2@bloomberg.com,wparidger2,3
Ferdinand,Bessett,fbessettr3@bloglines.com,fbessettr3,3
Rafael,Rose,rroser4@yale.edu,rroser4,3
Vikky,Luckcock,vluckcockr5@sohu.com,vluckcockr5,1
Lynna,Keyser,lkeyserr6@zdnet.com,lkeyserr6,1
Jard,Clempton,jclemptonr7@mapquest.com,jclemptonr7,3
Keefer,Pude,kpuder8@soup.io,kpuder8,3
Ferdinande,Woollaston,fwoollastonr9@google.ca,fwoollastonr9,1
Beniamino,Kildahl,bkildahlra@blogtalkradio.com,bkildahlra,1
Inger,Gayler,igaylerrb@eepurl.com,igaylerrb,2
Ruby,Meharry,rmeharryrc@phoca.cz,rmeharryrc,2
Laurie,Buckmaster,lbuckmasterrd@imageshack.us,lbuckmasterrd,3
Agnese,Glantz,aglantzre@ehow.com,aglantzre,1
Eleonora,Woosnam,ewoosnamrf@tumblr.com,ewoosnamrf,3
Lind,O'Hingerty,lohingertyrg@uol.com.br,lohingertyrg,3
Hercules,Lawson,hlawsonrh@altervista.org,hlawsonrh,2
Maura,Gathercole,mgathercoleri@nyu.edu,mgathercoleri,3
Willa,Emer,wemerrj@java.com,wemerrj,2
Maryrose,Dunstall,mdunstallrk@github.com,mdunstallrk,3
Bondy,Pitceathly,bpitceathlyrl@nasa.gov,bpitceathlyrl,2
Yettie,Dumblton,ydumbltonrm@amazon.de,ydumbltonrm,2
Constantino,Bottell,cbottellrn@go.com,cbottellrn,3
Myra,Ettritch,mettritchro@loc.gov,mettritchro,3
Susann,Malser,smalserrp@wiley.com,smalserrp,3
Ashlen,Breeze,abreezerq@ebay.com,abreezerq,3
Merrie,Lamp,mlamprr@phpbb.com,mlamprr,3
